age,sex,activity_level,veg_fruit,grain,dairy,meat,calories,moderate_min,moderate_days,strength_days,sleep,water,hr_moderate_low,hr_moderate_high
18,female,inactive,"(7, 7)","(6, 6)","(3, 4)","(2, 2)",2000.0,30,5,"(2, 4)","(7, 8)","(6, 8)",121.2,151.5
18,female,moderately_active,"(7, 7)","(6, 6)","(3, 4)","(2, 2)",,30,5,"(2, 4)","(7, 8)","(6, 8)",121.2,151.5
18,female,very_active,"(7, 7)","(6, 6)","(3, 4)","(2, 2)",2500.0,30,5,"(2, 4)","(7, 8)","(6, 8)",121.2,151.5
18,male,inactive,"(8, 8)","(7, 7)","(3, 4)","(3, 3)",2500.0,30,5,"(2, 4)","(7, 8)","(6, 8)",121.2,151.5
18,male,moderately_active,"(8, 8)","(7, 7)","(3, 4)","(3, 3)",,30,5,"(2, 4)","(7, 8)","(6, 8)",121.2,151.5
18,male,very_active,"(8, 8)","(7, 7)","(3, 4)","(3, 3)",3500.0,30,5,"(2, 4)","(7, 8)","(6, 8)",121.2,151.5
19,female,inactive,"(7, 8)","(6, 7)","(2, 2)","(2, 2)",2000.0,30,5,"(2, 4)","(7, 8)","(6, 8)",120.6,150.8
19,female,moderately_active,"(7, 8)","(6, 7)","(2, 2)","(2, 2)",,30,5,"(2, 4)","(7, 8)","(6, 8)",120.6,150.8
19,female,very_active,"(7, 8)","(6, 7)","(2, 2)","(2, 2)",2500.0,30,5,"(2, 4)","(7, 8)","(6, 8)",120.6,150.8
19,male,inactive,"(8, 10)","(8, 8)","(2, 2)","(3, 3)",2500.0,30,5,"(2, 4)","(7, 8)","(6, 8)",120.6,150.8
19,male,moderately_active,"(8, 10)","(8, 8)","(2, 2)","(3, 3)",,30,5,"(2, 4)","(7, 8)","(6, 8)",120.6,150.8
19,male,very_active,"(8, 10)","(8, 8)","(2, 2)","(3, 3)",3500.0,30,5,"(2, 4)","(7, 8)","(6, 8)",120.6,150.8
20,female,inactive,"(7, 8)","(6, 7)","(2, 2)","(2, 2)",2000.0,30,5,"(2, 4)","(7, 8)","(6, 8)",120.0,150.0
20,female,moderately_active,"(7, 8)","(6, 7)","(2, 2)","(2, 2)",,30,5,"(2, 4)","(7, 8)","(6, 8)",120.0,150.0
20,female,very_active,"(7, 8)","(6, 7)","(2, 2)","(2, 2)",2500.0,30,5,"(2, 4)","(7, 8)","(6, 8)",120.0,150.0
20,male,inactive,"(8, 10)","(8, 8)","(2, 2)","(3, 3)",2500.0,30,5,"(2, 4)","(7, 8)","(6, 8)",120.0,150.0
20,male,moderately_active,"(8, 10)","(8, 8)","(2, 2)","(3, 3)",,30,5,"(2, 4)","(7, 8)","(6, 8)",120.0,150.0
20,male,very_active,"(8, 10)","(8, 8)","(2, 2)","(3, 3)",3500.0,30,5,"(2, 4)","(7, 8)","(6, 8)",120.0,150.0
21,female,inactive,"(7, 8)","(6, 7)","(2, 2)","(2, 2)",2000.0,30,5,"(2, 4)","(7, 8)","(6, 8)",119.4,149.2
21,female,moderately_active,"(7, 8)","(6, 7)","(2, 2)","(2, 2)",,30,5,"(2, 4)","(7, 8)","(6, 8)",119.4,149.2
21,female,very_active,"(7, 8)","(6, 7)","(2, 2)","(2, 2)",2500.0,30,5,"(2, 4)","(7, 8)","(6, 8)",119.4,149.2
21,male,inactive,"(8, 10)","(8, 8)","(2, 2)","(3, 3)",2500.0,30,5,"(2, 4)","(7, 8)","(6, 8)",119.4,149.2
21,male,moderately_active,"(8, 10)","(8, 8)","(2, 2)","(3, 3)",,30,5,"(2, 4)","(7, 8)","(6, 8)",119.4,149.2
21,male,very_active,"(8, 10)","(8, 8)","(2, 2)","(3, 3)",3500.0,30,5,"(2, 4)","(7, 8)","(6, 8)",119.4,149.2
22,female,inactive,"(7, 8)","(6, 7)","(2, 2)","(2, 2)",2000.0,30,5,"(2, 4)","(7, 8)","(6, 8)",118.8,148.5
22,female,moderately_active,"(7, 8)","(6, 7)","(2, 2)","(2, 2)",,30,5,"(2, 4)","(7, 8)","(6, 8)",118.8,148.5
22,female,very_active,"(7, 8)","(6, 7)","(2, 2)","(2, 2)",2500.0,30,5,"(2, 4)","(7, 8)","(6, 8)",118.8,148.5
22,male,inactive,"(8, 10)","(8, 8)","(2, 2)","(3, 3)",2500.0,30,5,"(2, 4)","(7, 8)","(6, 8)",118.8,148.5
22,male,moderately_active,"(8, 10)","(8, 8)","(2, 2)","(3, 3)",,30,5,"(2, 4)","(7, 8)","(6, 8)",118.8,148.5
22,male,very_active,"(8, 10)","(8, 8)","(2, 2)","(3, 3)",3500.0,30,5,"(2, 4)","(7, 8)","(6, 8)",118.8,148.5
23,female,inactive,"(7, 8)","(6, 7)","(2, 2)","(2, 2)",2000.0,30,5,"(2, 4)","(7, 8)","(6, 8)",118.2,147.8
23,female,moderately_active,"(7, 8)","(6, 7)","(2, 2)","(2, 2)",,30,5,"(2, 4)","(7, 8)","(6, 8)",118.2,147.8
23,female,very_active,"(7, 8)","(6, 7)","(2, 2)","(2, 2)",2500.0,30,5,"(2, 4)","(7, 8)","(6, 8)",118.2,147.8
23,male,inactive,"(8, 10)","(8, 8)","(2, 2)","(3, 3)",2500.0,30,5,"(2, 4)","(7, 8)","(6, 8)",118.2,147.8
23,male,moderately_active,"(8, 10)","(8, 8)","(2, 2)","(3, 3)",,30,5,"(2, 4)","(7, 8)","(6, 8)",118.2,147.8
23,male,very_active,"(8, 10)","(8, 8)","(2, 2)","(3, 3)",3500.0,30,5,"(2, 4)","(7, 8)","(6, 8)",118.2,147.8
24,female,inactive,"(7, 8)","(6, 7)","(2, 2)","(2, 2)",2000.0,30,5,"(2, 4)","(7, 8)","(6, 8)",117.6,147.0
24,female,moderately_active,"(7, 8)","(6, 7)","(2, 2)","(2, 2)",,30,5,"(2, 4)","(7, 8)","(6, 8)",117.6,147.0
24,female,very_active,"(7, 8)","(6, 7)","(2, 2)","(2, 2)",2500.0,30,5,"(2, 4)","(7, 8)","(6, 8)",117.6,147.0
24,male,inactive,"(8, 10)","(8, 8)","(2, 2)","(3, 3)",2500.0,30,5,"(2, 4)","(7, 8)","(6, 8)",117.6,147.0
24,male,moderately_active,"(8, 10)","(8, 8)","(2, 2)","(3, 3)",,30,5,"(2, 4)","(7, 8)","(6, 8)",117.6,147.0
24,male,very_active,"(8, 10)","(8, 8)","(2, 2)","(3, 3)",3500.0,30,5,"(2, 4)","(7, 8)","(6, 8)",117.6,147.0
25,female,inactive,"(7, 8)","(6, 7)","(2, 2)","(2, 2)",2000.0,30,5,"(2, 4)","(7, 8)","(6, 8)",117.0,146.2
25,female,moderately_active,"(7, 8)","(6, 7)","(2, 2)","(2, 2)",,30,5,"(2, 4)","(7, 8)","(6, 8)",117.0,146.2
25,female,very_active,"(7, 8)","(6, 7)","(2, 2)","(2, 2)",2500.0,30,5,"(2, 4)","(7, 8)","(6, 8)",117.0,146.2
25,male,inactive,"(8, 10)","(8, 8)","(2, 2)","(3, 3)",2500.0,30,5,"(2, 4)","(7, 8)","(6, 8)",117.0,146.2
25,male,moderately_active,"(8, 10)","(8, 8)","(2, 2)","(3, 3)",,30,5,"(2, 4)","(7, 8)","(6, 8)",117.0,146.2
25,male,very_active,"(8, 10)","(8, 8)","(2, 2)","(3, 3)",3500.0,30,5,"(2, 4)","(7, 8)","(6, 8)",117.0,146.2
26,female,inactive,"(7, 8)","(6, 7)","(2, 2)","(2, 2)",2000.0,30,5,"(2, 4)","(7, 8)","(6, 8)",116.4,145.5
26,female,moderately_active,"(7, 8)","(6, 7)","(2, 2)","(2, 2)",,30,5,"(2, 4)","(7, 8)","(6, 8)",116.4,145.5
26,female,very_active,"(7, 8)","(6, 7)","(2, 2)","(2, 2)",2500.0,30,5,"(2, 4)","(7, 8)","(6, 8)",116.4,145.5
26,male,inactive,"(8, 10)","(8, 8)","(2, 2)","(3, 3)",2500.0,30,5,"(2, 4)","(7, 8)","(6, 8)",116.4,145.5
26,male,moderately_active,"(8, 10)","(8, 8)","(2, 2)","(3, 3)",,30,5,"(2, 4)","(7, 8)","(6, 8)",116.4,145.5
26,male,very_active,"(8, 10)","(8, 8)","(2, 2)","(3, 3)",3500.0,30,5,"(2, 4)","(7, 8)","(6, 8)",116.4,145.5
27,female,inactive,"(7, 8)","(6, 7)","(2, 2)","(2, 2)",2000.0,30,5,"(2, 4)","(7, 8)","(6, 8)",115.8,144.8
27,female,moderately_active,"(7, 8)","(6, 7)","(2, 2)","(2, 2)",,30,5,"(2, 4)","(7, 8)","(6, 8)",115.8,144.8
27,female,very_active,"(7, 8)","(6, 7)","(2, 2)","(2, 2)",2500.0,30,5,"(2, 4)","(7, 8)","(6, 8)",115.8,144.8
27,male,inactive,"(8, 10)","(8, 8)","(2, 2)","(3, 3)",2500.0,30,5,"(2, 4)","(7, 8)","(6, 8)",115.8,144.8
27,male,moderately_active,"(8, 10)","(8, 8)","(2, 2)","(3, 3)",,30,5,"(2, 4)","(7, 8)","(6, 8)",115.8,144.8
27,male,very_active,"(8, 10)","(8, 8)","(2, 2)","(3, 3)",3500.0,30,5,"(2, 4)","(7, 8)","(6, 8)",115.8,144.8
28,female,inactive,"(7, 8)","(6, 7)","(2, 2)","(2, 2)",2000.0,30,5,"(2, 4)","(7, 8)","(6, 8)",115.2,144.0
28,female,moderately_active,"(7, 8)","(6, 7)","(2, 2)","(2, 2)",,30,5,"(2, 4)","(7, 8)","(6, 8)",115.2,144.0
28,female,very_active,"(7, 8)","(6, 7)","(2, 2)","(2, 2)",2500.0,30,5,"(2, 4)","(7, 8)","(6, 8)",115.2,144.0
28,male,inactive,"(8, 10)","(8, 8)","(2, 2)","(3, 3)",2500.0,30,5,"(2, 4)","(7, 8)","(6, 8)",115.2,144.0
28,male,moderately_active,"(8, 10)","(8, 8)","(2, 2)","(3, 3)",,30,5,"(2, 4)","(7, 8)","(6, 8)",115.2,144.0
28,male,very_active,"(8, 10)","(8, 8)","(2, 2)","(3, 3)",3500.0,30,5,"(2, 4)","(7, 8)","(6, 8)",115.2,144.0
29,female,inactive,"(7, 8)","(6, 7)","(2, 2)","(2, 2)",2000.0,30,5,"(2, 4)","(7, 8)","(6, 8)",114.6,143.2
29,female,moderately_active,"(7, 8)","(6, 7)","(2, 2)","(2, 2)",,30,5,"(2, 4)","(7, 8)","(6, 8)",114.6,143.2
29,female,very_active,"(7, 8)","(6, 7)","(2, 2)","(2, 2)",2500.0,30,5,"(2, 4)","(7, 8)","(6, 8)",114.6,143.2
29,male,inactive,"(8, 10)","(8, 8)","(2, 2)","(3, 3)",2500.0,30,5,"(2, 4)","(7, 8)","(6, 8)",114.6,143.2
29,male,moderately_active,"(8, 10)","(8, 8)","(2, 2)","(3, 3)",,30,5,"(2, 4)","(7, 8)","(6, 8)",114.6,143.2
29,male,very_active,"(8, 10)","(8, 8)","(2, 2)","(3, 3)",3500.0,30,5,"(2, 4)","(7, 8)","(6, 8)",114.6,143.2
30,female,inactive,"(7, 8)","(6, 7)","(2, 2)","(2, 2)",2000.0,30,5,"(2, 4)","(7, 8)","(6, 8)",114.0,142.5
30,female,moderately_active,"(7, 8)","(6, 7)","(2, 2)","(2, 2)",,30,5,"(2, 4)","(7, 8)","(6, 8)",114.0,142.5
30,female,very_active,"(7, 8)","(6, 7)","(2, 2)","(2, 2)",2500.0,30,5,"(2, 4)","(7, 8)","(6, 8)",114.0,142.5
30,male,inactive,"(8, 10)","(8, 8)","(2, 2)","(3, 3)",2500.0,30,5,"(2, 4)","(7, 8)","(6, 8)",114.0,142.5
30,male,moderately_active,"(8, 10)","(8, 8)","(2, 2)","(3, 3)",,30,5,"(2, 4)","(7, 8)","(6, 8)",114.0,142.5
30,male,very_active,"(8, 10)","(8, 8)","(2, 2)","(3, 3)",3500.0,30,5,"(2, 4)","(7, 8)","(6, 8)",114.0,142.5
31,female,inactive,"(7, 8)","(6, 7)","(2, 2)","(2, 2)",2000.0,30,5,"(2, 4)","(7, 8)","(6, 8)",113.4,141.8
31,female,moderately_active,"(7, 8)","(6, 7)","(2, 2)","(2, 2)",,30,5,"(2, 4)","(7, 8)","(6, 8)",113.4,141.8
31,female,very_active,"(7, 8)","(6, 7)","(2, 2)","(2, 2)",2500.0,30,5,"(2, 4)","(7, 8)","(6, 8)",113.4,141.8
31,male,inactive,"(8, 10)","(8, 8)","(2, 2)","(3, 3)",2500.0,30,5,"(2, 4)","(7, 8)","(6, 8)",113.4,141.8
31,male,moderately_active,"(8, 10)","(8, 8)","(2, 2)","(3, 3)",,30,5,"(2, 4)","(7, 8)","(6, 8)",113.4,141.8
31,male,very_active,"(8, 10)","(8, 8)","(2, 2)","(3, 3)",3500.0,30,5,"(2, 4)","(7, 8)","(6, 8)",113.4,141.8
32,female,inactive,"(7, 8)","(6, 7)","(2, 2)","(2, 2)",2000.0,30,5,"(2, 4)","(7, 8)","(6, 8)",112.8,141.0
32,female,moderately_active,"(7, 8)","(6, 7)","(2, 2)","(2, 2)",,30,5,"(2, 4)","(7, 8)","(6, 8)",112.8,141.0
32,female,very_active,"(7, 8)","(6, 7)","(2, 2)","(2, 2)",2500.0,30,5,"(2, 4)","(7, 8)","(6, 8)",112.8,141.0
32,male,inactive,"(8, 10)","(8, 8)","(2, 2)","(3, 3)",2500.0,30,5,"(2, 4)","(7, 8)","(6, 8)",112.8,141.0
32,male,moderately_active,"(8, 10)","(8, 8)","(2, 2)","(3, 3)",,30,5,"(2, 4)","(7, 8)","(6, 8)",112.8,141.0
32,male,very_active,"(8, 10)","(8, 8)","(2, 2)","(3, 3)",3500.0,30,5,"(2, 4)","(7, 8)","(6, 8)",112.8,141.0
33,female,inactive,"(7, 8)","(6, 7)","(2, 2)","(2, 2)",2000.0,30,5,"(2, 4)","(7, 8)","(6, 8)",112.2,140.2
33,female,moderately_active,"(7, 8)","(6, 7)","(2, 2)","(2, 2)",,30,5,"(2, 4)","(7, 8)","(6, 8)",112.2,140.2
33,female,very_active,"(7, 8)","(6, 7)","(2, 2)","(2, 2)",2500.0,30,5,"(2, 4)","(7, 8)","(6, 8)",112.2,140.2
33,male,inactive,"(8, 10)","(8, 8)","(2, 2)","(3, 3)",2500.0,30,5,"(2, 4)","(7, 8)","(6, 8)",112.2,140.2
33,male,moderately_active,"(8, 10)","(8, 8)","(2, 2)","(3, 3)",,30,5,"(2, 4)","(7, 8)","(6, 8)",112.2,140.2
33,male,very_active,"(8, 10)","(8, 8)","(2, 2)","(3, 3)",3500.0,30,5,"(2, 4)","(7, 8)","(6, 8)",112.2,140.2
34,female,inactive,"(7, 8)","(6, 7)","(2, 2)","(2, 2)",2000.0,30,5,"(2, 4)","(7, 8)","(6, 8)",111.6,139.5
34,female,moderately_active,"(7, 8)","(6, 7)","(2, 2)","(2, 2)",,30,5,"(2, 4)","(7, 8)","(6, 8)",111.6,139.5
34,female,very_active,"(7, 8)","(6, 7)","(2, 2)","(2, 2)",2500.0,30,5,"(2, 4)","(7, 8)","(6, 8)",111.6,139.5
34,male,inactive,"(8, 10)","(8, 8)","(2, 2)","(3, 3)",2500.0,30,5,"(2, 4)","(7, 8)","(6, 8)",111.6,139.5
34,male,moderately_active,"(8, 10)","(8, 8)","(2, 2)","(3, 3)",,30,5,"(2, 4)","(7, 8)","(6, 8)",111.6,139.5
34,male,very_active,"(8, 10)","(8, 8)","(2, 2)","(3, 3)",3500.0,30,5,"(2, 4)","(7, 8)","(6, 8)",111.6,139.5
35,female,inactive,"(7, 8)","(6, 7)","(2, 2)","(2, 2)",2000.0,30,5,"(2, 4)","(7, 8)","(6, 8)",111.0,138.8
35,female,moderately_active,"(7, 8)","(6, 7)","(2, 2)","(2, 2)",,30,5,"(2, 4)","(7, 8)","(6, 8)",111.0,138.8
35,female,very_active,"(7, 8)","(6, 7)","(2, 2)","(2, 2)",2500.0,30,5,"(2, 4)","(7, 8)","(6, 8)",111.0,138.8
35,male,inactive,"(8, 10)","(8, 8)","(2, 2)","(3, 3)",2500.0,30,5,"(2, 4)","(7, 8)","(6, 8)",111.0,138.8
35,male,moderately_active,"(8, 10)","(8, 8)","(2, 2)","(3, 3)",,30,5,"(2, 4)","(7, 8)","(6, 8)",111.0,138.8
35,male,very_active,"(8, 10)","(8, 8)","(2, 2)","(3, 3)",3500.0,30,5,"(2, 4)","(7, 8)","(6, 8)",111.0,138.8
36,female,inactive,"(7, 8)","(6, 7)","(2, 2)","(2, 2)",,30,5,"(2, 4)","(7, 8)","(6, 8)",110.4,138.0
36,female,moderately_active,"(7, 8)","(6, 7)","(2, 2)","(2, 2)",,30,5,"(2, 4)","(7, 8)","(6, 8)",110.4,138.0
36,female,very_active,"(7, 8)","(6, 7)","(2, 2)","(2, 2)",,30,5,"(2, 4)","(7, 8)","(6, 8)",110.4,138.0
36,male,inactive,"(8, 10)","(8, 8)","(2, 2)","(3, 3)",,30,5,"(2, 4)","(7, 8)","(6, 8)",110.4,138.0
36,male,moderately_active,"(8, 10)","(8, 8)","(2, 2)","(3, 3)",,30,5,"(2, 4)","(7, 8)","(6, 8)",110.4,138.0
36,male,very_active,"(8, 10)","(8, 8)","(2, 2)","(3, 3)",,30,5,"(2, 4)","(7, 8)","(6, 8)",110.4,138.0
37,female,inactive,"(7, 8)","(6, 7)","(2, 2)","(2, 2)",,30,5,"(2, 4)","(7, 8)","(6, 8)",109.8,137.2
37,female,moderately_active,"(7, 8)","(6, 7)","(2, 2)","(2, 2)",,30,5,"(2, 4)","(7, 8)","(6, 8)",109.8,137.2
37,female,very_active,"(7, 8)","(6, 7)","(2, 2)","(2, 2)",,30,5,"(2, 4)","(7, 8)","(6, 8)",109.8,137.2
37,male,inactive,"(8, 10)","(8, 8)","(2, 2)","(3, 3)",,30,5,"(2, 4)","(7, 8)","(6, 8)",109.8,137.2
37,male,moderately_active,"(8, 10)","(8, 8)","(2, 2)","(3, 3)",,30,5,"(2, 4)","(7, 8)","(6, 8)",109.8,137.2
37,male,very_active,"(8, 10)","(8, 8)","(2, 2)","(3, 3)",,30,5,"(2, 4)","(7, 8)","(6, 8)",109.8,137.2
38,female,inactive,"(7, 8)","(6, 7)","(2, 2)","(2, 2)",,30,5,"(2, 4)","(7, 8)","(6, 8)",109.2,136.5
38,female,moderately_active,"(7, 8)","(6, 7)","(2, 2)","(2, 2)",,30,5,"(2, 4)","(7, 8)","(6, 8)",109.2,136.5
38,female,very_active,"(7, 8)","(6, 7)","(2, 2)","(2, 2)",,30,5,"(2, 4)","(7, 8)","(6, 8)",109.2,136.5
38,male,inactive,"(8, 10)","(8, 8)","(2, 2)","(3, 3)",,30,5,"(2, 4)","(7, 8)","(6, 8)",109.2,136.5
38,male,moderately_active,"(8, 10)","(8, 8)","(2, 2)","(3, 3)",,30,5,"(2, 4)","(7, 8)","(6, 8)",109.2,136.5
38,male,very_active,"(8, 10)","(8, 8)","(2, 2)","(3, 3)",,30,5,"(2, 4)","(7, 8)","(6, 8)",109.2,136.5
39,female,inactive,"(7, 8)","(6, 7)","(2, 2)","(2, 2)",,30,5,"(2, 4)","(7, 8)","(6, 8)",108.6,135.8
39,female,moderately_active,"(7, 8)","(6, 7)","(2, 2)","(2, 2)",,30,5,"(2, 4)","(7, 8)","(6, 8)",108.6,135.8
39,female,very_active,"(7, 8)","(6, 7)","(2, 2)","(2, 2)",,30,5,"(2, 4)","(7, 8)","(6, 8)",108.6,135.8
39,male,inactive,"(8, 10)","(8, 8)","(2, 2)","(3, 3)",,30,5,"(2, 4)","(7, 8)","(6, 8)",108.6,135.8
39,male,moderately_active,"(8, 10)","(8, 8)","(2, 2)","(3, 3)",,30,5,"(2, 4)","(7, 8)","(6, 8)",108.6,135.8
39,male,very_active,"(8, 10)","(8, 8)","(2, 2)","(3, 3)",,30,5,"(2, 4)","(7, 8)","(6, 8)",108.6,135.8
40,female,inactive,"(7, 8)","(6, 7)","(2, 2)","(2, 2)",,30,5,"(2, 4)","(7, 8)","(6, 8)",108.0,135.0
40,female,moderately_active,"(7, 8)","(6, 7)","(2, 2)","(2, 2)",,30,5,"(2, 4)","(7, 8)","(6, 8)",108.0,135.0
40,female,very_active,"(7, 8)","(6, 7)","(2, 2)","(2, 2)",,30,5,"(2, 4)","(7, 8)","(6, 8)",108.0,135.0
40,male,inactive,"(8, 10)","(8, 8)","(2, 2)","(3, 3)",,30,5,"(2, 4)","(7, 8)","(6, 8)",108.0,135.0
40,male,moderately_active,"(8, 10)","(8, 8)","(2, 2)","(3, 3)",,30,5,"(2, 4)","(7, 8)","(6, 8)",108.0,135.0
40,male,very_active,"(8, 10)","(8, 8)","(2, 2)","(3, 3)",,30,5,"(2, 4)","(7, 8)","(6, 8)",108.0,135.0
41,female,inactive,"(7, 8)","(6, 7)","(2, 2)","(2, 2)",,30,5,"(2, 4)","(7, 8)","(6, 8)",107.4,134.2
41,female,moderately_active,"(7, 8)","(6, 7)","(2, 2)","(2, 2)",,30,5,"(2, 4)","(7, 8)","(6, 8)",107.4,134.2
41,female,very_active,"(7, 8)","(6, 7)","(2, 2)","(2, 2)",,30,5,"(2, 4)","(7, 8)","(6, 8)",107.4,134.2
41,male,inactive,"(8, 10)","(8, 8)","(2, 2)","(3, 3)",,30,5,"(2, 4)","(7, 8)","(6, 8)",107.4,134.2
41,male,moderately_active,"(8, 10)","(8, 8)","(2, 2)","(3, 3)",,30,5,"(2, 4)","(7, 8)","(6, 8)",107.4,134.2
41,male,very_active,"(8, 10)","(8, 8)","(2, 2)","(3, 3)",,30,5,"(2, 4)","(7, 8)","(6, 8)",107.4,134.2
42,female,inactive,"(7, 8)","(6, 7)","(2, 2)","(2, 2)",,30,5,"(2, 4)","(7, 8)","(6, 8)",106.8,133.5
42,female,moderately_active,"(7, 8)","(6, 7)","(2, 2)","(2, 2)",,30,5,"(2, 4)","(7, 8)","(6, 8)",106.8,133.5
42,female,very_active,"(7, 8)","(6, 7)","(2, 2)","(2, 2)",,30,5,"(2, 4)","(7, 8)","(6, 8)",106.8,133.5
42,male,inactive,"(8, 10)","(8, 8)","(2, 2)","(3, 3)",,30,5,"(2, 4)","(7, 8)","(6, 8)",106.8,133.5
42,male,moderately_active,"(8, 10)","(8, 8)","(2, 2)","(3, 3)",,30,5,"(2, 4)","(7, 8)","(6, 8)",106.8,133.5
42,male,very_active,"(8, 10)","(8, 8)","(2, 2)","(3, 3)",,30,5,"(2, 4)","(7, 8)","(6, 8)",106.8,133.5
43,female,inactive,"(7, 8)","(6, 7)","(2, 2)","(2, 2)",,30,5,"(2, 4)","(7, 8)","(6, 8)",106.2,132.8
43,female,moderately_active,"(7, 8)","(6, 7)","(2, 2)","(2, 2)",,30,5,"(2, 4)","(7, 8)","(6, 8)",106.2,132.8
43,female,very_active,"(7, 8)","(6, 7)","(2, 2)","(2, 2)",,30,5,"(2, 4)","(7, 8)","(6, 8)",106.2,132.8
43,male,inactive,"(8, 10)","(8, 8)","(2, 2)","(3, 3)",,30,5,"(2, 4)","(7, 8)","(6, 8)",106.2,132.8
43,male,moderately_active,"(8, 10)","(8, 8)","(2, 2)","(3, 3)",,30,5,"(2, 4)","(7, 8)","(6, 8)",106.2,132.8
43,male,very_active,"(8, 10)","(8, 8)","(2, 2)","(3, 3)",,30,5,"(2, 4)","(7, 8)","(6, 8)",106.2,132.8
44,female,inactive,"(7, 8)","(6, 7)","(2, 2)","(2, 2)",,30,5,"(2, 4)","(7, 8)","(6, 8)",105.6,132.0
44,female,moderately_active,"(7, 8)","(6, 7)","(2, 2)","(2, 2)",,30,5,"(2, 4)","(7, 8)","(6, 8)",105.6,132.0
44,female,very_active,"(7, 8)","(6, 7)","(2, 2)","(2, 2)",,30,5,"(2, 4)","(7, 8)","(6, 8)",105.6,132.0
44,male,inactive,"(8, 10)","(8, 8)","(2, 2)","(3, 3)",,30,5,"(2, 4)","(7, 8)","(6, 8)",105.6,132.0
44,male,moderately_active,"(8, 10)","(8, 8)","(2, 2)","(3, 3)",,30,5,"(2, 4)","(7, 8)","(6, 8)",105.6,132.0
44,male,very_active,"(8, 10)","(8, 8)","(2, 2)","(3, 3)",,30,5,"(2, 4)","(7, 8)","(6, 8)",105.6,132.0
45,female,inactive,"(7, 8)","(6, 7)","(2, 2)","(2, 2)",,30,5,"(2, 4)","(7, 8)","(6, 8)",105.0,131.2
45,female,moderately_active,"(7, 8)","(6, 7)","(2, 2)","(2, 2)",,30,5,"(2, 4)","(7, 8)","(6, 8)",105.0,131.2
45,female,very_active,"(7, 8)","(6, 7)","(2, 2)","(2, 2)",,30,5,"(2, 4)","(7, 8)","(6, 8)",105.0,131.2
45,male,inactive,"(8, 10)","(8, 8)","(2, 2)","(3, 3)",,30,5,"(2, 4)","(7, 8)","(6, 8)",105.0,131.2
45,male,moderately_active,"(8, 10)","(8, 8)","(2, 2)","(3, 3)",,30,5,"(2, 4)","(7, 8)","(6, 8)",105.0,131.2
45,male,very_active,"(8, 10)","(8, 8)","(2, 2)","(3, 3)",,30,5,"(2, 4)","(7, 8)","(6, 8)",105.0,131.2
46,female,inactive,"(7, 8)","(6, 7)","(2, 2)","(2, 2)",,30,5,"(2, 4)","(7, 8)","(6, 8)",104.4,130.5
46,female,moderately_active,"(7, 8)","(6, 7)","(2, 2)","(2, 2)",,30,5,"(2, 4)","(7, 8)","(6, 8)",104.4,130.5
46,female,very_active,"(7, 8)","(6, 7)","(2, 2)","(2, 2)",,30,5,"(2, 4)","(7, 8)","(6, 8)",104.4,130.5
46,male,inactive,"(8, 10)","(8, 8)","(2, 2)","(3, 3)",,30,5,"(2, 4)","(7, 8)","(6, 8)",104.4,130.5
46,male,moderately_active,"(8, 10)","(8, 8)","(2, 2)","(3, 3)",,30,5,"(2, 4)","(7, 8)","(6, 8)",104.4,130.5
46,male,very_active,"(8, 10)","(8, 8)","(2, 2)","(3, 3)",,30,5,"(2, 4)","(7, 8)","(6, 8)",104.4,130.5
47,female,inactive,"(7, 8)","(6, 7)","(2, 2)","(2, 2)",,30,5,"(2, 4)","(7, 8)","(6, 8)",103.8,129.8
47,female,moderately_active,"(7, 8)","(6, 7)","(2, 2)","(2, 2)",,30,5,"(2, 4)","(7, 8)","(6, 8)",103.8,129.8
47,female,very_active,"(7, 8)","(6, 7)","(2, 2)","(2, 2)",,30,5,"(2, 4)","(7, 8)","(6, 8)",103.8,129.8
47,male,inactive,"(8, 10)","(8, 8)","(2, 2)","(3, 3)",,30,5,"(2, 4)","(7, 8)","(6, 8)",103.8,129.8
47,male,moderately_active,"(8, 10)","(8, 8)","(2, 2)","(3, 3)",,30,5,"(2, 4)","(7, 8)","(6, 8)",103.8,129.8
47,male,very_active,"(8, 10)","(8, 8)","(2, 2)","(3, 3)",,30,5,"(2, 4)","(7, 8)","(6, 8)",103.8,129.8
48,female,inactive,"(7, 8)","(6, 7)","(2, 2)","(2, 2)",,30,5,"(2, 4)","(7, 8)","(6, 8)",103.2,129.0
48,female,moderately_active,"(7, 8)","(6, 7)","(2, 2)","(2, 2)",,30,5,"(2, 4)","(7, 8)","(6, 8)",103.2,129.0
48,female,very_active,"(7, 8)","(6, 7)","(2, 2)","(2, 2)",,30,5,"(2, 4)","(7, 8)","(6, 8)",103.2,129.0
48,male,inactive,"(8, 10)","(8, 8)","(2, 2)","(3, 3)",,30,5,"(2, 4)","(7, 8)","(6, 8)",103.2,129.0
48,male,moderately_active,"(8, 10)","(8, 8)","(2, 2)","(3, 3)",,30,5,"(2, 4)","(7, 8)","(6, 8)",103.2,129.0
48,male,very_active,"(8, 10)","(8, 8)","(2, 2)","(3, 3)",,30,5,"(2, 4)","(7, 8)","(6, 8)",103.2,129.0
49,female,inactive,"(7, 8)","(6, 7)","(2, 2)","(2, 2)",,30,5,"(2, 4)","(7, 8)","(6, 8)",102.6,128.2
49,female,moderately_active,"(7, 8)","(6, 7)","(2, 2)","(2, 2)",,30,5,"(2, 4)","(7, 8)","(6, 8)",102.6,128.2
49,female,very_active,"(7, 8)","(6, 7)","(2, 2)","(2, 2)",,30,5,"(2, 4)","(7, 8)","(6, 8)",102.6,128.2
49,male,inactive,"(8, 10)","(8, 8)","(2, 2)","(3, 3)",,30,5,"(2, 4)","(7, 8)","(6, 8)",102.6,128.2
49,male,moderately_active,"(8, 10)","(8, 8)","(2, 2)","(3, 3)",,30,5,"(2, 4)","(7, 8)","(6, 8)",102.6,128.2
49,male,very_active,"(8, 10)","(8, 8)","(2, 2)","(3, 3)",,30,5,"(2, 4)","(7, 8)","(6, 8)",102.6,128.2
50,female,inactive,"(7, 8)","(6, 7)","(2, 2)","(2, 2)",,30,5,"(2, 4)","(7, 8)","(6, 8)",102.0,127.5
50,female,moderately_active,"(7, 8)","(6, 7)","(2, 2)","(2, 2)",,30,5,"(2, 4)","(7, 8)","(6, 8)",102.0,127.5
50,female,very_active,"(7, 8)","(6, 7)","(2, 2)","(2, 2)",,30,5,"(2, 4)","(7, 8)","(6, 8)",102.0,127.5
50,male,inactive,"(8, 10)","(8, 8)","(2, 2)","(3, 3)",,30,5,"(2, 4)","(7, 8)","(6, 8)",102.0,127.5
50,male,moderately_active,"(8, 10)","(8, 8)","(2, 2)","(3, 3)",,30,5,"(2, 4)","(7, 8)","(6, 8)",102.0,127.5
50,male,very_active,"(8, 10)","(8, 8)","(2, 2)","(3, 3)",,30,5,"(2, 4)","(7, 8)","(6, 8)",102.0,127.5
51,female,inactive,"(7, 7)","(6, 6)","(3, 3)","(2, 2)",,30,5,"(2, 4)","(7, 8)","(6, 8)",101.4,126.8
51,female,moderately_active,"(7, 7)","(6, 6)","(3, 3)","(2, 2)",,30,5,"(2, 4)","(7, 8)","(6, 8)",101.4,126.8
51,female,very_active,"(7, 7)","(6, 6)","(3, 3)","(2, 2)",,30,5,"(2, 4)","(7, 8)","(6, 8)",101.4,126.8
51,male,inactive,"(7, 7)","(7, 7)","(3, 3)","(3, 3)",,30,5,"(2, 4)","(7, 8)","(6, 8)",101.4,126.8
51,male,moderately_active,"(7, 7)","(7, 7)","(3, 3)","(3, 3)",,30,5,"(2, 4)","(7, 8)","(6, 8)",101.4,126.8
51,male,very_active,"(7, 7)","(7, 7)","(3, 3)","(3, 3)",,30,5,"(2, 4)","(7, 8)","(6, 8)",101.4,126.8
52,female,inactive,"(7, 7)","(6, 6)","(3, 3)","(2, 2)",,30,5,"(2, 4)","(7, 8)","(6, 8)",100.8,126.0
52,female,moderately_active,"(7, 7)","(6, 6)","(3, 3)","(2, 2)",,30,5,"(2, 4)","(7, 8)","(6, 8)",100.8,126.0
52,female,very_active,"(7, 7)","(6, 6)","(3, 3)","(2, 2)",,30,5,"(2, 4)","(7, 8)","(6, 8)",100.8,126.0
52,male,inactive,"(7, 7)","(7, 7)","(3, 3)","(3, 3)",,30,5,"(2, 4)","(7, 8)","(6, 8)",100.8,126.0
52,male,moderately_active,"(7, 7)","(7, 7)","(3, 3)","(3, 3)",,30,5,"(2, 4)","(7, 8)","(6, 8)",100.8,126.0
52,male,very_active,"(7, 7)","(7, 7)","(3, 3)","(3, 3)",,30,5,"(2, 4)","(7, 8)","(6, 8)",100.8,126.0
53,female,inactive,"(7, 7)","(6, 6)","(3, 3)","(2, 2)",,30,5,"(2, 4)","(7, 8)","(6, 8)",100.2,125.2
53,female,moderately_active,"(7, 7)","(6, 6)","(3, 3)","(2, 2)",,30,5,"(2, 4)","(7, 8)","(6, 8)",100.2,125.2
53,female,very_active,"(7, 7)","(6, 6)","(3, 3)","(2, 2)",,30,5,"(2, 4)","(7, 8)","(6, 8)",100.2,125.2
53,male,inactive,"(7, 7)","(7, 7)","(3, 3)","(3, 3)",,30,5,"(2, 4)","(7, 8)","(6, 8)",100.2,125.2
53,male,moderately_active,"(7, 7)","(7, 7)","(3, 3)","(3, 3)",,30,5,"(2, 4)","(7, 8)","(6, 8)",100.2,125.2
53,male,very_active,"(7, 7)","(7, 7)","(3, 3)","(3, 3)",,30,5,"(2, 4)","(7, 8)","(6, 8)",100.2,125.2
54,female,inactive,"(7, 7)","(6, 6)","(3, 3)","(2, 2)",,30,5,"(2, 4)","(7, 8)","(6, 8)",99.6,124.5
54,female,moderately_active,"(7, 7)","(6, 6)","(3, 3)","(2, 2)",,30,5,"(2, 4)","(7, 8)","(6, 8)",99.6,124.5
54,female,very_active,"(7, 7)","(6, 6)","(3, 3)","(2, 2)",,30,5,"(2, 4)","(7, 8)","(6, 8)",99.6,124.5
54,male,inactive,"(7, 7)","(7, 7)","(3, 3)","(3, 3)",,30,5,"(2, 4)","(7, 8)","(6, 8)",99.6,124.5
54,male,moderately_active,"(7, 7)","(7, 7)","(3, 3)","(3, 3)",,30,5,"(2, 4)","(7, 8)","(6, 8)",99.6,124.5
54,male,very_active,"(7, 7)","(7, 7)","(3, 3)","(3, 3)",,30,5,"(2, 4)","(7, 8)","(6, 8)",99.6,124.5
55,female,inactive,"(7, 7)","(6, 6)","(3, 3)","(2, 2)",,30,5,"(2, 4)","(7, 8)","(6, 8)",99.0,123.8
55,female,moderately_active,"(7, 7)","(6, 6)","(3, 3)","(2, 2)",,30,5,"(2, 4)","(7, 8)","(6, 8)",99.0,123.8
55,female,very_active,"(7, 7)","(6, 6)","(3, 3)","(2, 2)",,30,5,"(2, 4)","(7, 8)","(6, 8)",99.0,123.8
55,male,inactive,"(7, 7)","(7, 7)","(3, 3)","(3, 3)",,30,5,"(2, 4)","(7, 8)","(6, 8)",99.0,123.8
55,male,moderately_active,"(7, 7)","(7, 7)","(3, 3)","(3, 3)",,30,5,"(2, 4)","(7, 8)","(6, 8)",99.0,123.8
55,male,very_active,"(7, 7)","(7, 7)","(3, 3)","(3, 3)",,30,5,"(2, 4)","(7, 8)","(6, 8)",99.0,123.8
56,female,inactive,"(7, 7)","(6, 6)","(3, 3)","(2, 2)",,30,5,"(2, 4)","(7, 8)","(6, 8)",98.4,123.0
56,female,moderately_active,"(7, 7)","(6, 6)","(3, 3)","(2, 2)",,30,5,"(2, 4)","(7, 8)","(6, 8)",98.4,123.0
56,female,very_active,"(7, 7)","(6, 6)","(3, 3)","(2, 2)",,30,5,"(2, 4)","(7, 8)","(6, 8)",98.4,123.0
56,male,inactive,"(7, 7)","(7, 7)","(3, 3)","(3, 3)",,30,5,"(2, 4)","(7, 8)","(6, 8)",98.4,123.0
56,male,moderately_active,"(7, 7)","(7, 7)","(3, 3)","(3, 3)",,30,5,"(2, 4)","(7, 8)","(6, 8)",98.4,123.0
56,male,very_active,"(7, 7)","(7, 7)","(3, 3)","(3, 3)",,30,5,"(2, 4)","(7, 8)","(6, 8)",98.4,123.0
57,female,inactive,"(7, 7)","(6, 6)","(3, 3)","(2, 2)",,30,5,"(2, 4)","(7, 8)","(6, 8)",97.8,122.2
57,female,moderately_active,"(7, 7)","(6, 6)","(3, 3)","(2, 2)",,30,5,"(2, 4)","(7, 8)","(6, 8)",97.8,122.2
57,female,very_active,"(7, 7)","(6, 6)","(3, 3)","(2, 2)",,30,5,"(2, 4)","(7, 8)","(6, 8)",97.8,122.2
57,male,inactive,"(7, 7)","(7, 7)","(3, 3)","(3, 3)",,30,5,"(2, 4)","(7, 8)","(6, 8)",97.8,122.2
57,male,moderately_active,"(7, 7)","(7, 7)","(3, 3)","(3, 3)",,30,5,"(2, 4)","(7, 8)","(6, 8)",97.8,122.2
57,male,very_active,"(7, 7)","(7, 7)","(3, 3)","(3, 3)",,30,5,"(2, 4)","(7, 8)","(6, 8)",97.8,122.2
58,female,inactive,"(7, 7)","(6, 6)","(3, 3)","(2, 2)",,30,5,"(2, 4)","(7, 8)","(6, 8)",97.2,121.5
58,female,moderately_active,"(7, 7)","(6, 6)","(3, 3)","(2, 2)",,30,5,"(2, 4)","(7, 8)","(6, 8)",97.2,121.5
58,female,very_active,"(7, 7)","(6, 6)","(3, 3)","(2, 2)",,30,5,"(2, 4)","(7, 8)","(6, 8)",97.2,121.5
58,male,inactive,"(7, 7)","(7, 7)","(3, 3)","(3, 3)",,30,5,"(2, 4)","(7, 8)","(6, 8)",97.2,121.5
58,male,moderately_active,"(7, 7)","(7, 7)","(3, 3)","(3, 3)",,30,5,"(2, 4)","(7, 8)","(6, 8)",97.2,121.5
58,male,very_active,"(7, 7)","(7, 7)","(3, 3)","(3, 3)",,30,5,"(2, 4)","(7, 8)","(6, 8)",97.2,121.5
59,female,inactive,"(7, 7)","(6, 6)","(3, 3)","(2, 2)",,30,5,"(2, 4)","(7, 8)","(6, 8)",96.6,120.8
59,female,moderately_active,"(7, 7)","(6, 6)","(3, 3)","(2, 2)",,30,5,"(2, 4)","(7, 8)","(6, 8)",96.6,120.8
59,female,very_active,"(7, 7)","(6, 6)","(3, 3)","(2, 2)",,30,5,"(2, 4)","(7, 8)","(6, 8)",96.6,120.8
59,male,inactive,"(7, 7)","(7, 7)","(3, 3)","(3, 3)",,30,5,"(2, 4)","(7, 8)","(6, 8)",96.6,120.8
59,male,moderately_active,"(7, 7)","(7, 7)","(3, 3)","(3, 3)",,30,5,"(2, 4)","(7, 8)","(6, 8)",96.6,120.8
59,male,very_active,"(7, 7)","(7, 7)","(3, 3)","(3, 3)",,30,5,"(2, 4)","(7, 8)","(6, 8)",96.6,120.8
60,female,inactive,"(7, 7)","(6, 6)","(3, 3)","(2, 2)",,30,5,"(2, 4)","(7, 8)","(6, 8)",96.0,120.0
60,female,moderately_active,"(7, 7)","(6, 6)","(3, 3)","(2, 2)",,30,5,"(2, 4)","(7, 8)","(6, 8)",96.0,120.0
60,female,very_active,"(7, 7)","(6, 6)","(3, 3)","(2, 2)",,30,5,"(2, 4)","(7, 8)","(6, 8)",96.0,120.0
60,male,inactive,"(7, 7)","(7, 7)","(3, 3)","(3, 3)",,30,5,"(2, 4)","(7, 8)","(6, 8)",96.0,120.0
60,male,moderately_active,"(7, 7)","(7, 7)","(3, 3)","(3, 3)",,30,5,"(2, 4)","(7, 8)","(6, 8)",96.0,120.0
60,male,very_active,"(7, 7)","(7, 7)","(3, 3)","(3, 3)",,30,5,"(2, 4)","(7, 8)","(6, 8)",96.0,120.0
61,female,inactive,"(7, 7)","(6, 6)","(3, 3)","(2, 2)",,30,5,"(2, 4)","(7, 8)","(6, 8)",95.4,119.2
61,female,moderately_active,"(7, 7)","(6, 6)","(3, 3)","(2, 2)",,30,5,"(2, 4)","(7, 8)","(6, 8)",95.4,119.2
61,female,very_active,"(7, 7)","(6, 6)","(3, 3)","(2, 2)",,30,5,"(2, 4)","(7, 8)","(6, 8)",95.4,119.2
61,male,inactive,"(7, 7)","(7, 7)","(3, 3)","(3, 3)",,30,5,"(2, 4)","(7, 8)","(6, 8)",95.4,119.2
61,male,moderately_active,"(7, 7)","(7, 7)","(3, 3)","(3, 3)",,30,5,"(2, 4)","(7, 8)","(6, 8)",95.4,119.2
61,male,very_active,"(7, 7)","(7, 7)","(3, 3)","(3, 3)",,30,5,"(2, 4)","(7, 8)","(6, 8)",95.4,119.2
62,female,inactive,"(7, 7)","(6, 6)","(3, 3)","(2, 2)",,30,5,"(2, 4)","(7, 8)","(6, 8)",94.8,118.5
62,female,moderately_active,"(7, 7)","(6, 6)","(3, 3)","(2, 2)",,30,5,"(2, 4)","(7, 8)","(6, 8)",94.8,118.5
62,female,very_active,"(7, 7)","(6, 6)","(3, 3)","(2, 2)",,30,5,"(2, 4)","(7, 8)","(6, 8)",94.8,118.5
62,male,inactive,"(7, 7)","(7, 7)","(3, 3)","(3, 3)",,30,5,"(2, 4)","(7, 8)","(6, 8)",94.8,118.5
62,male,moderately_active,"(7, 7)","(7, 7)","(3, 3)","(3, 3)",,30,5,"(2, 4)","(7, 8)","(6, 8)",94.8,118.5
62,male,very_active,"(7, 7)","(7, 7)","(3, 3)","(3, 3)",,30,5,"(2, 4)","(7, 8)","(6, 8)",94.8,118.5
63,female,inactive,"(7, 7)","(6, 6)","(3, 3)","(2, 2)",,30,5,"(2, 4)","(7, 8)","(6, 8)",94.2,117.8
63,female,moderately_active,"(7, 7)","(6, 6)","(3, 3)","(2, 2)",,30,5,"(2, 4)","(7, 8)","(6, 8)",94.2,117.8
63,female,very_active,"(7, 7)","(6, 6)","(3, 3)","(2, 2)",,30,5,"(2, 4)","(7, 8)","(6, 8)",94.2,117.8
63,male,inactive,"(7, 7)","(7, 7)","(3, 3)","(3, 3)",,30,5,"(2, 4)","(7, 8)","(6, 8)",94.2,117.8
63,male,moderately_active,"(7, 7)","(7, 7)","(3, 3)","(3, 3)",,30,5,"(2, 4)","(7, 8)","(6, 8)",94.2,117.8
63,male,very_active,"(7, 7)","(7, 7)","(3, 3)","(3, 3)",,30,5,"(2, 4)","(7, 8)","(6, 8)",94.2,117.8
64,female,inactive,"(7, 7)","(6, 6)","(3, 3)","(2, 2)",,30,5,"(2, 4)","(7, 8)","(6, 8)",93.6,117.0
64,female,moderately_active,"(7, 7)","(6, 6)","(3, 3)","(2, 2)",,30,5,"(2, 4)","(7, 8)","(6, 8)",93.6,117.0
64,female,very_active,"(7, 7)","(6, 6)","(3, 3)","(2, 2)",,30,5,"(2, 4)","(7, 8)","(6, 8)",93.6,117.0
64,male,inactive,"(7, 7)","(7, 7)","(3, 3)","(3, 3)",,30,5,"(2, 4)","(7, 8)","(6, 8)",93.6,117.0
64,male,moderately_active,"(7, 7)","(7, 7)","(3, 3)","(3, 3)",,30,5,"(2, 4)","(7, 8)","(6, 8)",93.6,117.0
64,male,very_active,"(7, 7)","(7, 7)","(3, 3)","(3, 3)",,30,5,"(2, 4)","(7, 8)","(6, 8)",93.6,117.0
65,female,inactive,"(7, 7)","(6, 6)","(3, 3)","(2, 2)",,30,5,"(2, 4)","(7, 8)","(6, 8)",93.0,116.2
65,female,moderately_active,"(7, 7)","(6, 6)","(3, 3)","(2, 2)",,30,5,"(2, 4)","(7, 8)","(6, 8)",93.0,116.2
65,female,very_active,"(7, 7)","(6, 6)","(3, 3)","(2, 2)",,30,5,"(2, 4)","(7, 8)","(6, 8)",93.0,116.2
65,male,inactive,"(7, 7)","(7, 7)","(3, 3)","(3, 3)",,30,5,"(2, 4)","(7, 8)","(6, 8)",93.0,116.2
65,male,moderately_active,"(7, 7)","(7, 7)","(3, 3)","(3, 3)",,30,5,"(2, 4)","(7, 8)","(6, 8)",93.0,116.2
65,male,very_active,"(7, 7)","(7, 7)","(3, 3)","(3, 3)",,30,5,"(2, 4)","(7, 8)","(6, 8)",93.0,116.2
66,female,inactive,"(7, 7)","(6, 6)","(3, 3)","(2, 2)",,30,5,"(2, 4)","(7, 8)","(6, 8)",92.4,115.5
66,female,moderately_active,"(7, 7)","(6, 6)","(3, 3)","(2, 2)",,30,5,"(2, 4)","(7, 8)","(6, 8)",92.4,115.5
66,female,very_active,"(7, 7)","(6, 6)","(3, 3)","(2, 2)",,30,5,"(2, 4)","(7, 8)","(6, 8)",92.4,115.5
66,male,inactive,"(7, 7)","(7, 7)","(3, 3)","(3, 3)",,30,5,"(2, 4)","(7, 8)","(6, 8)",92.4,115.5
66,male,moderately_active,"(7, 7)","(7, 7)","(3, 3)","(3, 3)",,30,5,"(2, 4)","(7, 8)","(6, 8)",92.4,115.5
66,male,very_active,"(7, 7)","(7, 7)","(3, 3)","(3, 3)",,30,5,"(2, 4)","(7, 8)","(6, 8)",92.4,115.5
67,female,inactive,"(7, 7)","(6, 6)","(3, 3)","(2, 2)",,30,5,"(2, 4)","(7, 8)","(6, 8)",91.8,114.8
67,female,moderately_active,"(7, 7)","(6, 6)","(3, 3)","(2, 2)",,30,5,"(2, 4)","(7, 8)","(6, 8)",91.8,114.8
67,female,very_active,"(7, 7)","(6, 6)","(3, 3)","(2, 2)",,30,5,"(2, 4)","(7, 8)","(6, 8)",91.8,114.8
67,male,inactive,"(7, 7)","(7, 7)","(3, 3)","(3, 3)",,30,5,"(2, 4)","(7, 8)","(6, 8)",91.8,114.8
67,male,moderately_active,"(7, 7)","(7, 7)","(3, 3)","(3, 3)",,30,5,"(2, 4)","(7, 8)","(6, 8)",91.8,114.8
67,male,very_active,"(7, 7)","(7, 7)","(3, 3)","(3, 3)",,30,5,"(2, 4)","(7, 8)","(6, 8)",91.8,114.8
68,female,inactive,"(7, 7)","(6, 6)","(3, 3)","(2, 2)",,30,5,"(2, 4)","(7, 8)","(6, 8)",91.2,114.0
68,female,moderately_active,"(7, 7)","(6, 6)","(3, 3)","(2, 2)",,30,5,"(2, 4)","(7, 8)","(6, 8)",91.2,114.0
68,female,very_active,"(7, 7)","(6, 6)","(3, 3)","(2, 2)",,30,5,"(2, 4)","(7, 8)","(6, 8)",91.2,114.0
68,male,inactive,"(7, 7)","(7, 7)","(3, 3)","(3, 3)",,30,5,"(2, 4)","(7, 8)","(6, 8)",91.2,114.0
68,male,moderately_active,"(7, 7)","(7, 7)","(3, 3)","(3, 3)",,30,5,"(2, 4)","(7, 8)","(6, 8)",91.2,114.0
68,male,very_active,"(7, 7)","(7, 7)","(3, 3)","(3, 3)",,30,5,"(2, 4)","(7, 8)","(6, 8)",91.2,114.0
69,female,inactive,"(7, 7)","(6, 6)","(3, 3)","(2, 2)",,30,5,"(2, 4)","(7, 8)","(6, 8)",90.6,113.2
69,female,moderately_active,"(7, 7)","(6, 6)","(3, 3)","(2, 2)",,30,5,"(2, 4)","(7, 8)","(6, 8)",90.6,113.2
69,female,very_active,"(7, 7)","(6, 6)","(3, 3)","(2, 2)",,30,5,"(2, 4)","(7, 8)","(6, 8)",90.6,113.2
69,male,inactive,"(7, 7)","(7, 7)","(3, 3)","(3, 3)",,30,5,"(2, 4)","(7, 8)","(6, 8)",90.6,113.2
69,male,moderately_active,"(7, 7)","(7, 7)","(3, 3)","(3, 3)",,30,5,"(2, 4)","(7, 8)","(6, 8)",90.6,113.2
69,male,very_active,"(7, 7)","(7, 7)","(3, 3)","(3, 3)",,30,5,"(2, 4)","(7, 8)","(6, 8)",90.6,113.2
70,female,inactive,"(7, 7)","(6, 6)","(3, 3)","(2, 2)",,30,5,"(2, 4)","(7, 8)","(6, 8)",90.0,112.5
70,female,moderately_active,"(7, 7)","(6, 6)","(3, 3)","(2, 2)",,30,5,"(2, 4)","(7, 8)","(6, 8)",90.0,112.5
70,female,very_active,"(7, 7)","(6, 6)","(3, 3)","(2, 2)",,30,5,"(2, 4)","(7, 8)","(6, 8)",90.0,112.5
70,male,inactive,"(7, 7)","(7, 7)","(3, 3)","(3, 3)",,30,5,"(2, 4)","(7, 8)","(6, 8)",90.0,112.5
70,male,moderately_active,"(7, 7)","(7, 7)","(3, 3)","(3, 3)",,30,5,"(2, 4)","(7, 8)","(6, 8)",90.0,112.5
70,male,very_active,"(7, 7)","(7, 7)","(3, 3)","(3, 3)",,30,5,"(2, 4)","(7, 8)","(6, 8)",90.0,112.5
71,female,inactive,"(7, 7)","(6, 6)","(3, 3)","(2, 2)",,30,5,"(2, 4)","(7, 8)","(6, 8)",89.4,111.8
71,female,moderately_active,"(7, 7)","(6, 6)","(3, 3)","(2, 2)",,30,5,"(2, 4)","(7, 8)","(6, 8)",89.4,111.8
71,female,very_active,"(7, 7)","(6, 6)","(3, 3)","(2, 2)",,30,5,"(2, 4)","(7, 8)","(6, 8)",89.4,111.8
71,male,inactive,"(7, 7)","(7, 7)","(3, 3)","(3, 3)",,30,5,"(2, 4)","(7, 8)","(6, 8)",89.4,111.8
71,male,moderately_active,"(7, 7)","(7, 7)","(3, 3)","(3, 3)",,30,5,"(2, 4)","(7, 8)","(6, 8)",89.4,111.8
71,male,very_active,"(7, 7)","(7, 7)","(3, 3)","(3, 3)",,30,5,"(2, 4)","(7, 8)","(6, 8)",89.4,111.8
72,female,inactive,"(7, 7)","(6, 6)","(3, 3)","(2, 2)",,30,5,"(2, 4)","(7, 8)","(6, 8)",88.8,111.0
72,female,moderately_active,"(7, 7)","(6, 6)","(3, 3)","(2, 2)",,30,5,"(2, 4)","(7, 8)","(6, 8)",88.8,111.0
72,female,very_active,"(7, 7)","(6, 6)","(3, 3)","(2, 2)",,30,5,"(2, 4)","(7, 8)","(6, 8)",88.8,111.0
72,male,inactive,"(7, 7)","(7, 7)","(3, 3)","(3, 3)",,30,5,"(2, 4)","(7, 8)","(6, 8)",88.8,111.0
72,male,moderately_active,"(7, 7)","(7, 7)","(3, 3)","(3, 3)",,30,5,"(2, 4)","(7, 8)","(6, 8)",88.8,111.0
72,male,very_active,"(7, 7)","(7, 7)","(3, 3)","(3, 3)",,30,5,"(2, 4)","(7, 8)","(6, 8)",88.8,111.0
73,female,inactive,"(7, 7)","(6, 6)","(3, 3)","(2, 2)",,30,5,"(2, 4)","(7, 8)","(6, 8)",88.2,110.2
73,female,moderately_active,"(7, 7)","(6, 6)","(3, 3)","(2, 2)",,30,5,"(2, 4)","(7, 8)","(6, 8)",88.2,110.2
73,female,very_active,"(7, 7)","(6, 6)","(3, 3)","(2, 2)",,30,5,"(2, 4)","(7, 8)","(6, 8)",88.2,110.2
73,male,inactive,"(7, 7)","(7, 7)","(3, 3)","(3, 3)",,30,5,"(2, 4)","(7, 8)","(6, 8)",88.2,110.2
73,male,moderately_active,"(7, 7)","(7, 7)","(3, 3)","(3, 3)",,30,5,"(2, 4)","(7, 8)","(6, 8)",88.2,110.2
73,male,very_active,"(7, 7)","(7, 7)","(3, 3)","(3, 3)",,30,5,"(2, 4)","(7, 8)","(6, 8)",88.2,110.2
74,female,inactive,"(7, 7)","(6, 6)","(3, 3)","(2, 2)",,30,5,"(2, 4)","(7, 8)","(6, 8)",87.6,109.5
74,female,moderately_active,"(7, 7)","(6, 6)","(3, 3)","(2, 2)",,30,5,"(2, 4)","(7, 8)","(6, 8)",87.6,109.5
74,female,very_active,"(7, 7)","(6, 6)","(3, 3)","(2, 2)",,30,5,"(2, 4)","(7, 8)","(6, 8)",87.6,109.5
74,male,inactive,"(7, 7)","(7, 7)","(3, 3)","(3, 3)",,30,5,"(2, 4)","(7, 8)","(6, 8)",87.6,109.5
74,male,moderately_active,"(7, 7)","(7, 7)","(3, 3)","(3, 3)",,30,5,"(2, 4)","(7, 8)","(6, 8)",87.6,109.5
74,male,very_active,"(7, 7)","(7, 7)","(3, 3)","(3, 3)",,30,5,"(2, 4)","(7, 8)","(6, 8)",87.6,109.5
75,female,inactive,"(7, 7)","(6, 6)","(3, 3)","(2, 2)",,30,5,"(2, 4)","(7, 8)","(6, 8)",87.0,108.8
75,female,moderately_active,"(7, 7)","(6, 6)","(3, 3)","(2, 2)",,30,5,"(2, 4)","(7, 8)","(6, 8)",87.0,108.8
75,female,very_active,"(7, 7)","(6, 6)","(3, 3)","(2, 2)",,30,5,"(2, 4)","(7, 8)","(6, 8)",87.0,108.8
75,male,inactive,"(7, 7)","(7, 7)","(3, 3)","(3, 3)",,30,5,"(2, 4)","(7, 8)","(6, 8)",87.0,108.8
75,male,moderately_active,"(7, 7)","(7, 7)","(3, 3)","(3, 3)",,30,5,"(2, 4)","(7, 8)","(6, 8)",87.0,108.8
75,male,very_active,"(7, 7)","(7, 7)","(3, 3)","(3, 3)",,30,5,"(2, 4)","(7, 8)","(6, 8)",87.0,108.8
76,female,inactive,"(7, 7)","(6, 6)","(3, 3)","(2, 2)",,30,5,"(2, 4)","(7, 8)","(6, 8)",86.4,108.0
76,female,moderately_active,"(7, 7)","(6, 6)","(3, 3)","(2, 2)",,30,5,"(2, 4)","(7, 8)","(6, 8)",86.4,108.0
76,female,very_active,"(7, 7)","(6, 6)","(3, 3)","(2, 2)",,30,5,"(2, 4)","(7, 8)","(6, 8)",86.4,108.0
76,male,inactive,"(7, 7)","(7, 7)","(3, 3)","(3, 3)",,30,5,"(2, 4)","(7, 8)","(6, 8)",86.4,108.0
76,male,moderately_active,"(7, 7)","(7, 7)","(3, 3)","(3, 3)",,30,5,"(2, 4)","(7, 8)","(6, 8)",86.4,108.0
76,male,very_active,"(7, 7)","(7, 7)","(3, 3)","(3, 3)",,30,5,"(2, 4)","(7, 8)","(6, 8)",86.4,108.0
77,female,inactive,"(7, 7)","(6, 6)","(3, 3)","(2, 2)",,30,5,"(2, 4)","(7, 8)","(6, 8)",85.8,107.2
77,female,moderately_active,"(7, 7)","(6, 6)","(3, 3)","(2, 2)",,30,5,"(2, 4)","(7, 8)","(6, 8)",85.8,107.2
77,female,very_active,"(7, 7)","(6, 6)","(3, 3)","(2, 2)",,30,5,"(2, 4)","(7, 8)","(6, 8)",85.8,107.2
77,male,inactive,"(7, 7)","(7, 7)","(3, 3)","(3, 3)",,30,5,"(2, 4)","(7, 8)","(6, 8)",85.8,107.2
77,male,moderately_active,"(7, 7)","(7, 7)","(3, 3)","(3, 3)",,30,5,"(2, 4)","(7, 8)","(6, 8)",85.8,107.2
77,male,very_active,"(7, 7)","(7, 7)","(3, 3)","(3, 3)",,30,5,"(2, 4)","(7, 8)","(6, 8)",85.8,107.2
78,female,inactive,"(7, 7)","(6, 6)","(3, 3)","(2, 2)",,30,5,"(2, 4)","(7, 8)","(6, 8)",85.2,106.5
78,female,moderately_active,"(7, 7)","(6, 6)","(3, 3)","(2, 2)",,30,5,"(2, 4)","(7, 8)","(6, 8)",85.2,106.5
78,female,very_active,"(7, 7)","(6, 6)","(3, 3)","(2, 2)",,30,5,"(2, 4)","(7, 8)","(6, 8)",85.2,106.5
78,male,inactive,"(7, 7)","(7, 7)","(3, 3)","(3, 3)",,30,5,"(2, 4)","(7, 8)","(6, 8)",85.2,106.5
78,male,moderately_active,"(7, 7)","(7, 7)","(3, 3)","(3, 3)",,30,5,"(2, 4)","(7, 8)","(6, 8)",85.2,106.5
78,male,very_active,"(7, 7)","(7, 7)","(3, 3)","(3, 3)",,30,5,"(2, 4)","(7, 8)","(6, 8)",85.2,106.5
79,female,inactive,"(7, 7)","(6, 6)","(3, 3)","(2, 2)",,30,5,"(2, 4)","(7, 8)","(6, 8)",84.6,105.8
79,female,moderately_active,"(7, 7)","(6, 6)","(3, 3)","(2, 2)",,30,5,"(2, 4)","(7, 8)","(6, 8)",84.6,105.8
79,female,very_active,"(7, 7)","(6, 6)","(3, 3)","(2, 2)",,30,5,"(2, 4)","(7, 8)","(6, 8)",84.6,105.8
79,male,inactive,"(7, 7)","(7, 7)","(3, 3)","(3, 3)",,30,5,"(2, 4)","(7, 8)","(6, 8)",84.6,105.8
79,male,moderately_active,"(7, 7)","(7, 7)","(3, 3)","(3, 3)",,30,5,"(2, 4)","(7, 8)","(6, 8)",84.6,105.8
79,male,very_active,"(7, 7)","(7, 7)","(3, 3)","(3, 3)",,30,5,"(2, 4)","(7, 8)","(6, 8)",84.6,105.8
80,female,inactive,"(7, 7)","(6, 6)","(3, 3)","(2, 2)",,30,5,"(2, 4)","(7, 8)","(6, 8)",84.0,105.0
80,female,moderately_active,"(7, 7)","(6, 6)","(3, 3)","(2, 2)",,30,5,"(2, 4)","(7, 8)","(6, 8)",84.0,105.0
80,female,very_active,"(7, 7)","(6, 6)","(3, 3)","(2, 2)",,30,5,"(2, 4)","(7, 8)","(6, 8)",84.0,105.0
80,male,inactive,"(7, 7)","(7, 7)","(3, 3)","(3, 3)",,30,5,"(2, 4)","(7, 8)","(6, 8)",84.0,105.0
80,male,moderately_active,"(7, 7)","(7, 7)","(3, 3)","(3, 3)",,30,5,"(2, 4)","(7, 8)","(6, 8)",84.0,105.0
80,male,very_active,"(7, 7)","(7, 7)","(3, 3)","(3, 3)",,30,5,"(2, 4)","(7, 8)","(6, 8)",84.0,105.0
